"","time","atm"
"1",2022-09-04 00:00:00,1006.98404694153
"2",2022-09-04 01:00:00,1007.27818671875
"3",2022-09-04 02:00:00,1007.38749576933
"4",2022-09-04 03:00:00,1006.77102561961
"5",2022-09-04 04:00:00,1005.92381587173
"6",2022-09-04 05:00:00,1005.39130067349
"7",2022-09-04 06:00:00,1004.25969625438
"8",2022-09-04 07:00:00,1003.48516877694
"9",2022-09-04 08:00:00,1003.01966367556
"10",2022-09-04 09:00:00,1002.97272605065
"11",2022-09-04 10:00:00,1003.6201475613
"12",2022-09-04 11:00:00,1004.4019376347
"13",2022-09-04 12:00:00,1005.74395006737
"14",2022-09-04 13:00:00,1006.67297093211
"15",2022-09-04 14:00:00,1007.51254125573
"16",2022-09-04 15:00:00,1008.16175444504
"17",2022-09-04 16:00:00,1008.17655375909
"18",2022-09-04 17:00:00,1007.73569889547
"19",2022-09-04 18:00:00,1007.16510600916
"20",2022-09-04 19:00:00,1006.66969321121
"21",2022-09-04 20:00:00,1006.62532912177
"22",2022-09-04 21:00:00,1006.75441684182
"23",2022-09-04 22:00:00,1007.11421115302
"24",2022-09-04 23:00:00,1007.46583389922
"25",2022-09-05 00:00:00,1008.13293340517
"26",2022-09-05 01:00:00,1008.69266968472
"27",2022-09-05 02:00:00,1008.71535482138
"28",2022-09-05 03:00:00,1008.40918145733
"29",2022-09-05 04:00:00,1007.62177682565
"30",2022-09-05 05:00:00,1006.88794129849
"31",2022-09-05 06:00:00,1006.06877819995
"32",2022-09-05 07:00:00,1005.29824921875
"33",2022-09-05 08:00:00,1004.90442514147
"34",2022-09-05 09:00:00,1004.80066072198
"35",2022-09-05 10:00:00,1004.90607706818
"36",2022-09-05 11:00:00,1005.52155579203
"37",2022-09-05 12:00:00,1006.42723125842
"38",2022-09-05 13:00:00,1007.25645818966
"39",2022-09-05 14:00:00,1007.78265992994
"40",2022-09-05 15:00:00,1008.21309911099
"41",2022-09-05 16:00:00,1008.00036257074
"42",2022-09-05 17:00:00,1007.44540713901
"43",2022-09-05 18:00:00,1007.16844742657
"44",2022-09-05 19:00:00,1006.95701252694
"45",2022-09-05 20:00:00,1007.14035451361
"46",2022-09-05 21:00:00,1007.25302438039
"47",2022-09-05 22:00:00,1007.36181713824
"48",2022-09-05 23:00:00,1007.65780557801
"49",2022-09-06 00:00:00,1008.11542675108
"50",2022-09-06 01:00:00,1008.96533325249
"51",2022-09-06 02:00:00,1009.08181729526
"52",2022-09-06 03:00:00,1008.83788278556
"53",2022-09-06 04:00:00,1008.25425357047
"54",2022-09-06 05:00:00,1007.69513430342
"55",2022-09-06 06:00:00,1007.09447438039
"56",2022-09-06 07:00:00,1006.474281218
"57",2022-09-06 08:00:00,1006.21049391164
"58",2022-09-06 09:00:00,1006.05438957154
"59",2022-09-06 10:00:00,1006.2335815194
"60",2022-09-06 11:00:00,1006.94700945837
"61",2022-09-06 12:00:00,1007.72595429803
"62",2022-09-06 13:00:00,1008.69029014009
"63",2022-09-06 14:00:00,1009.35103163568
"64",2022-09-06 15:00:00,1009.69802222522
"65",2022-09-06 16:00:00,1009.29660886553
"66",2022-09-06 17:00:00,1009.0753700431
"67",2022-09-06 18:00:00,1008.98769872611
"68",2022-09-08 03:00:00,1011.39891818182
"69",2022-09-08 04:00:00,1011.3254193128
"70",2022-09-08 05:00:00,1010.79367050108
"71",2022-09-08 06:00:00,1009.57403551603
"72",2022-09-08 07:00:00,1008.4072750759
"73",2022-09-08 08:00:00,1007.8348278556
"74",2022-09-08 09:00:00,1007.80464174077
"75",2022-09-08 10:00:00,1008.06418310884
"76",2022-09-08 11:00:00,1008.56684327674
"77",2022-09-08 12:00:00,1009.34914905711
"78",2022-09-08 13:00:00,1010.28704777688
"79",2022-09-08 14:00:00,1011.48056193427
"80",2022-09-08 15:00:00,1011.99273707895
"81",2022-09-08 16:00:00,1011.80971516703
"82",2022-09-08 17:00:00,1010.92642002156
"83",2022-09-08 18:00:00,1010.02877796336
"84",2022-09-08 19:00:00,1009.64236494206
"85",2022-09-08 20:00:00,1009.61772287793
"86",2022-09-08 21:00:00,1009.82687774784
"87",2022-09-08 22:00:00,1009.98206211264
"88",2022-09-08 23:00:00,1010.38548160022
"89",2022-09-09 00:00:00,1011.04886154675
"90",2022-09-09 01:00:00,1011.74154426185
"91",2022-09-09 02:00:00,1012.1325283751
"92",2022-09-09 03:00:00,1012.24325377155
"93",2022-09-09 04:00:00,1012.24060754514
"94",2022-09-09 05:00:00,1011.94607920259
"95",2022-09-09 06:00:00,1010.63653206683
"96",2022-09-09 07:00:00,1009.58890207435
"97",2022-09-09 08:00:00,1008.86284955538
"98",2022-09-09 09:00:00,1008.94640525323
"99",2022-09-09 10:00:00,1009.25967326866
"100",2022-09-09 11:00:00,1009.69573601832
"101",2022-09-09 12:00:00,1010.34583317165
"102",2022-09-09 13:00:00,1010.68675212823
"103",2022-09-09 14:00:00,1011.59105187281
"104",2022-09-09 15:00:00,1011.97694787177
"105",2022-09-09 16:00:00,1011.74708579898
"106",2022-09-09 17:00:00,1011.17036190733
"107",2022-09-09 18:00:00,1010.4192921315
"108",2022-09-09 19:00:00,1010.17036302883
"109",2022-09-09 20:00:00,1009.98452494612
"110",2022-09-09 21:00:00,1010.05150484914
"111",2022-09-09 22:00:00,1010.42770272164
"112",2022-09-09 23:00:00,1011.03935491781
"113",2022-09-10 00:00:00,1011.83318965517
"114",2022-09-10 01:00:00,1012.64533734842
"115",2022-09-10 02:00:00,1013.05629851792
"116",2022-09-10 03:00:00,1012.81864170259
"117",2022-09-10 04:00:00,1012.45068181083
"118",2022-09-10 05:00:00,1011.80168795797
"119",2022-09-10 06:00:00,1010.64088005928
"120",2022-09-10 07:00:00,1009.76575740841
"121",2022-09-10 08:00:00,1008.92349932651
"122",2022-09-10 09:00:00,1008.30011983293
"123",2022-09-10 10:00:00,1008.61266449353
"124",2022-09-10 11:00:00,1009.45085691188
"125",2022-09-10 12:00:00,1010.56390414871
"126",2022-09-10 13:00:00,1011.63286084613
"127",2022-09-10 14:00:00,1012.52837442738
"128",2022-09-10 15:00:00,1012.61111621767
"129",2022-09-10 16:00:00,1012.50422277014
"130",2022-09-10 17:00:00,1011.91098370151
"131",2022-09-10 18:00:00,1011.37994244139
"132",2022-09-10 19:00:00,1010.71260832435
"133",2022-09-10 20:00:00,1010.27425532202
"134",2022-09-10 21:00:00,1010.34248103448
"135",2022-09-10 22:00:00,1010.2759987335
"136",2022-09-10 23:00:00,1010.46026546336
"137",2022-09-11 00:00:00,1010.97894360011
"138",2022-09-11 01:00:00,1011.41326397198
"139",2022-09-11 02:00:00,1011.50861382004
"140",2022-09-11 03:00:00,1011.19449113447
"141",2022-09-11 04:00:00,1010.83093833513
"142",2022-09-11 05:00:00,1010.23074731878
"143",2022-09-11 06:00:00,1009.23328952047
"144",2022-09-11 07:00:00,1008.33852842899
"145",2022-09-11 08:00:00,1007.55109841056
"146",2022-09-11 09:00:00,1006.9707894907
"147",2022-09-11 10:00:00,1007.32691204203
"148",2022-09-11 11:00:00,1008.07433489625
"149",2022-09-11 12:00:00,1008.67239525862
"150",2022-09-11 13:00:00,1009.41838437079
"151",2022-09-11 14:00:00,1010.39241411638
"152",2022-09-11 15:00:00,1010.49475637295
"153",2022-09-11 16:00:00,1010.17092454203
"154",2022-09-11 17:00:00,1010.05637367286
"155",2022-09-11 18:00:00,1009.57742788254
"156",2022-09-11 19:00:00,1008.92752091081
"157",2022-09-11 20:00:00,1008.71576632543
"158",2022-09-11 21:00:00,1008.73711630288
"159",2022-09-11 22:00:00,1008.68075858179
"160",2022-09-11 23:00:00,1009.2443769084
"161",2022-09-12 00:00:00,1009.8859052816
"162",2022-09-12 01:00:00,1010.52970625
"163",2022-09-12 02:00:00,1010.63543217462
"164",2022-09-12 03:00:00,1010.49274046336
"165",2022-09-12 04:00:00,1010.15869261655
"166",2022-09-12 05:00:00,1009.41581675647
"167",2022-09-12 06:00:00,1008.55786841822
"168",2022-09-12 07:00:00,1007.39085189976
"169",2022-09-12 08:00:00,1006.47497966056
"170",2022-09-12 09:00:00,1006.08541729992
"171",2022-09-12 10:00:00,1006.47597830773
"172",2022-09-12 11:00:00,1006.96233814655
"173",2022-09-12 12:00:00,1007.92151530172
"174",2022-09-12 13:00:00,1008.82675138777
"175",2022-09-12 14:00:00,1009.64223220156
"176",2022-09-12 15:00:00,1010.07364213362
"177",2022-09-12 16:00:00,1010.16152204258
"178",2022-09-12 17:00:00,1009.81563799515
"179",2022-09-12 18:00:00,1009.46337502021
"180",2022-09-12 19:00:00,1009.28716958513
"181",2022-09-12 20:00:00,1009.14481719213
"182",2022-09-12 21:00:00,1008.91132559957
"183",2022-09-12 22:00:00,1008.82508388575
"184",2022-09-12 23:00:00,1008.84181233836
"185",2022-09-13 00:00:00,1009.68075157639
"186",2022-09-13 01:00:00,1010.41511592134
"187",2022-09-13 02:00:00,1010.62772306656
"188",2022-09-13 03:00:00,1010.84371810833
"189",2022-09-13 04:00:00,1010.37364461207
"190",2022-09-13 05:00:00,1009.52541608731
"191",2022-09-13 06:00:00,1008.70476651401
"192",2022-09-13 07:00:00,1007.79889935327
"193",2022-09-13 08:00:00,1007.12957675108
"194",2022-09-13 09:00:00,1006.98334246834
"195",2022-09-13 10:00:00,1007.228262436
"196",2022-09-13 11:00:00,1007.91323613581
"197",2022-09-13 12:00:00,1008.58180827047
"198",2022-09-13 13:00:00,1009.52868331986
"199",2022-09-13 14:00:00,1010.43081344289
"200",2022-09-13 15:00:00,1010.78406814875
"201",2022-09-13 16:00:00,1010.63457491242
"202",2022-09-13 17:00:00,1010.03356608297
"203",2022-09-13 18:00:00,1009.46035944489
"204",2022-09-13 19:00:00,1009.13918561422
"205",2022-09-13 20:00:00,1008.86191131466
"206",2022-09-13 21:00:00,1008.74189886823
"207",2022-09-13 22:00:00,1009.0080342403
"208",2022-09-13 23:00:00,1009.29977159795
"209",2022-09-14 00:00:00,1009.86257540409
"210",2022-09-14 01:00:00,1010.35544214497
"211",2022-09-14 02:00:00,1010.76735289679
"212",2022-09-14 03:00:00,1010.87035412177
"213",2022-09-14 04:00:00,1010.35007297224
"214",2022-09-14 05:00:00,1009.29764181034
"215",2022-09-14 06:00:00,1008.23233936944
"216",2022-09-14 07:00:00,1007.49927399623
"217",2022-09-14 08:00:00,1007.16109862608
"218",2022-09-14 09:00:00,1006.85420115872
"219",2022-09-14 10:00:00,1007.31030083513
"220",2022-09-14 11:00:00,1007.55042546483
"221",2022-09-14 12:00:00,1008.3794292374
"222",2022-09-14 13:00:00,1009.35196153017
"223",2022-09-14 14:00:00,1009.85355565733
"224",2022-09-14 15:00:00,1010.24644165993
"225",2022-09-14 16:00:00,1009.93064507004
"226",2022-09-14 17:00:00,1009.25969326327
"227",2022-09-14 18:00:00,1008.48303080032
"228",2022-09-14 19:00:00,1008.15980072737
"229",2022-09-14 20:00:00,1007.98028571814
"230",2022-09-14 21:00:00,1007.91597575431
"231",2022-09-14 22:00:00,1007.87469779035
"232",2022-09-14 23:00:00,1007.73530016164
"233",2022-09-15 00:00:00,1007.80889108057
"234",2022-09-15 01:00:00,1008.33975486392
"235",2022-09-15 02:00:00,1008.30225635776
"236",2022-09-15 03:00:00,1008.23058625707
"237",2022-09-15 04:00:00,1007.67853663793
"238",2022-09-15 05:00:00,1006.82656364861
"239",2022-09-15 06:00:00,1005.83867949892
"240",2022-09-15 07:00:00,1005.03390609
"241",2022-09-15 08:00:00,1004.42891476293
"242",2022-09-15 09:00:00,1004.73652834815
"243",2022-09-15 10:00:00,1005.80321352371
"244",2022-09-15 11:00:00,1006.19607935866
"245",2022-09-15 12:00:00,1006.25055804365
"246",2022-09-15 13:00:00,1006.99547529634
"247",2022-09-15 14:00:00,1007.68060013473
"248",2022-09-15 15:00:00,1007.64477947198
"249",2022-09-15 16:00:00,1007.24743077338
"250",2022-09-15 17:00:00,1006.72760150862
"251",2022-09-15 18:00:00,1005.93993839935
"252",2022-09-15 19:00:00,1005.37091112608
"253",2022-09-15 20:00:00,1005.2325584748
"254",2022-09-15 21:00:00,1004.99104017785
"255",2022-09-15 22:00:00,1005.06012015086
"256",2022-09-15 23:00:00,1005.39891239558
"257",2022-09-16 00:00:00,1005.94627483836
"258",2022-09-16 01:00:00,1006.59648183778
"259",2022-09-16 02:00:00,1006.64140056573
"260",2022-09-16 03:00:00,1006.60135998383
"261",2022-09-16 04:00:00,1006.15117322198
"262",2022-09-16 05:00:00,1005.359862436
"263",2022-09-16 06:00:00,1004.17709757543
"264",2022-09-16 07:00:00,1003.42421126381
"265",2022-09-16 08:00:00,1002.52778329741
"266",2022-09-16 09:00:00,1002.43416981946
"267",2022-09-16 10:00:00,1002.98908226893
"268",2022-09-16 11:00:00,1003.7586595097
"269",2022-09-16 12:00:00,1004.83513400701
"270",2022-09-16 13:00:00,1006.5875139278
"271",2022-09-16 14:00:00,1006.71002064134
"272",2022-09-16 15:00:00,1006.99251161412
"273",2022-09-16 16:00:00,1006.85491963901
"274",2022-09-16 17:00:00,1006.2339047696
"275",2022-09-16 18:00:00,1005.80704009701
"276",2022-09-16 19:00:00,1005.35695926724
"277",2022-09-16 20:00:00,1005.29864955538
"278",2022-09-16 21:00:00,1005.30249951509
"279",2022-09-16 22:00:00,1005.31360328752
"280",2022-09-16 23:00:00,1005.92947297224
"281",2022-09-17 00:00:00,1006.83860668103
"282",2022-09-17 01:00:00,1007.60383753705
"283",2022-09-17 02:00:00,1007.41441452047
"284",2022-09-17 03:00:00,1007.13919275128
"285",2022-09-17 04:00:00,1006.94641684182
"286",2022-09-17 05:00:00,1006.14962489224
"287",2022-09-17 06:00:00,1005.0797882242
"288",2022-09-17 07:00:00,1004.3271704472
"289",2022-09-17 08:00:00,1004.16318749663
"290",2022-09-17 09:00:00,1004.47876635237
"291",2022-09-17 10:00:00,1004.69553414174
"292",2022-09-17 11:00:00,1004.91382246767
"293",2022-09-17 12:00:00,1005.48918790084
"294",2022-09-17 13:00:00,1006.27126429534
"295",2022-09-17 14:00:00,1007.34402206358
"296",2022-09-17 15:00:00,1007.84904969011
"297",2022-09-17 16:00:00,1007.60153114224
"298",2022-09-17 17:00:00,1007.18623955807
"299",2022-09-17 18:00:00,1006.85814563578
"300",2022-09-17 19:00:00,1006.34604292643
"301",2022-09-17 20:00:00,1006.10170317974
"302",2022-09-17 21:00:00,1006.41286993534
"303",2022-09-17 22:00:00,1006.58197736459
"304",2022-09-17 23:00:00,1006.96126126078
"305",2022-09-18 00:00:00,1007.81408049043
"306",2022-09-18 01:00:00,1008.61695290948
"307",2022-09-18 02:00:00,1008.67919762867
"308",2022-09-18 03:00:00,1008.4497919181
"309",2022-09-18 04:00:00,1008.08193392617
"310",2022-09-18 05:00:00,1007.14106712476
"311",2022-09-18 06:00:00,1006.00300334052
"312",2022-09-18 07:00:00,1005.1902322824
"313",2022-09-18 08:00:00,1004.82309525862
"314",2022-09-18 09:00:00,1005.16825580706
"315",2022-09-18 10:00:00,1005.42683300108
"316",2022-09-18 11:00:00,1006.11917709512
"317",2022-09-18 12:00:00,1006.8328669181
"318",2022-09-18 13:00:00,1007.39412109943
"319",2022-09-18 14:00:00,1008.17545536099
"320",2022-09-18 15:00:00,1008.40409466451
"321",2022-09-18 16:00:00,1008.08133728448
"322",2022-09-18 17:00:00,1007.5677423336
"323",2022-09-18 18:00:00,1006.89104110991
"324",2022-09-18 19:00:00,1006.35898803557
"325",2022-09-18 20:00:00,1006.23909216056
"326",2022-09-18 21:00:00,1006.55123772568
"327",2022-09-18 22:00:00,1006.91411840474
"328",2022-09-18 23:00:00,1007.4341140625
"329",2022-09-19 00:00:00,1008.34629347885
"330",2022-09-19 01:00:00,1008.76767186742
"331",2022-09-19 02:00:00,1008.86952238685
"332",2022-09-19 03:00:00,1008.67262630019
"333",2022-09-19 04:00:00,1008.12045762392
"334",2022-09-19 05:00:00,1007.15201333872
"335",2022-09-19 06:00:00,1005.99185509159
"336",2022-09-19 07:00:00,1005.19397154406
"337",2022-09-19 08:00:00,1004.67269293991
"338",2022-09-19 09:00:00,1004.55508081897
"339",2022-09-19 10:00:00,1004.90906432229
"340",2022-09-19 11:00:00,1005.49949676637
"341",2022-09-19 12:00:00,1006.19777254849
"342",2022-09-19 13:00:00,1006.88866701698
"343",2022-09-19 14:00:00,1007.44698195043
"344",2022-09-19 15:00:00,1007.54444341148
"345",2022-09-19 16:00:00,1007.45738149246
"346",2022-09-19 17:00:00,1007.07148108327
"347",2022-09-19 18:00:00,1006.63312834815
"348",2022-09-19 19:00:00,1006.18246936961
"349",2022-09-19 20:00:00,1005.95784855834
"350",2022-09-19 21:00:00,1005.86514065194
"351",2022-09-19 22:00:00,1006.09097784964
"352",2022-09-19 23:00:00,1006.54668332435
"353",2022-09-20 00:00:00,1007.10526122339
"354",2022-09-20 01:00:00,1007.51975885206
"355",2022-09-20 02:00:00,1007.54735484914
"356",2022-09-20 03:00:00,1007.28479663164
"357",2022-09-20 04:00:00,1007.20400800323
"358",2022-09-20 05:00:00,1006.52527314116
"359",2022-09-20 06:00:00,1005.67798469415
"360",2022-09-20 07:00:00,1004.89276088362
"361",2022-09-20 08:00:00,1004.18011851253
"362",2022-09-20 09:00:00,1004.16458033405
"363",2022-09-20 10:00:00,1004.75350840744
"364",2022-09-20 11:00:00,1005.36409383082
"365",2022-09-20 12:00:00,1006.42167461601
"366",2022-09-20 13:00:00,1007.16836424144
"367",2022-09-20 14:00:00,1007.74140309806
"368",2022-09-20 15:00:00,1008.11731856642
"369",2022-09-20 16:00:00,1007.53032192888
"370",2022-09-20 17:00:00,1007.10812217731
"371",2022-09-20 18:00:00,1006.77180853987
"372",2022-09-20 19:00:00,1006.52318164915
"373",2022-09-20 20:00:00,1006.32608337823
"374",2022-09-20 21:00:00,1006.65010735651
"375",2022-09-20 22:00:00,1007.01653787716
"376",2022-09-20 23:00:00,1007.44015928321
"377",2022-09-21 00:00:00,1007.53673370151
"378",2022-09-21 01:00:00,1008.13994308812
"379",2022-09-21 02:00:00,1008.65081751549
"380",2022-09-21 03:00:00,1008.59804213362
"381",2022-09-21 04:00:00,1008.4138349771
"382",2022-09-21 05:00:00,1007.82036912716
"383",2022-09-21 06:00:00,1006.988227917
"384",2022-09-21 07:00:00,1006.22682260846
"385",2022-09-21 08:00:00,1005.74532033944
"386",2022-09-21 09:00:00,1005.81834322285
"387",2022-09-21 10:00:00,1005.83910315279
"388",2022-09-21 11:00:00,1006.26950091595
"389",2022-09-21 12:00:00,1006.93594575586
"390",2022-09-21 13:00:00,1007.88373674569
"391",2022-09-21 14:00:00,1008.5910292374
"392",2022-09-21 15:00:00,1009.08324959591
"393",2022-09-21 16:00:00,1008.69569285907
"394",2022-09-21 17:00:00,1008.19752890625
"395",2022-09-21 18:00:00,1007.3955467529
"396",2022-09-21 19:00:00,1006.91570802802
"397",2022-09-21 20:00:00,1006.79322727028
"398",2022-09-21 21:00:00,1007.03310913254
"399",2022-09-21 22:00:00,1007.25096372945
"400",2022-09-21 23:00:00,1007.80108609539
"401",2022-09-22 00:00:00,1008.46639202586
"402",2022-09-22 01:00:00,1009.05507739154
"403",2022-09-22 02:00:00,1009.30415711207
"404",2022-09-22 03:00:00,1009.28265933711
"405",2022-09-22 04:00:00,1009.63989224138
"406",2022-09-22 05:00:00,1008.57452667745
"407",2022-09-22 06:00:00,1007.60375650768
"408",2022-09-22 07:00:00,1007.10528302802
"409",2022-09-22 08:00:00,1006.78985642684
"410",2022-09-22 09:00:00,1006.69814259159
"411",2022-09-22 10:00:00,1006.67406744813
"412",2022-09-22 11:00:00,1007.41035991379
"413",2022-09-22 12:00:00,1008.16238725411
"414",2022-09-22 13:00:00,1009.12442516164
"415",2022-09-22 14:00:00,1009.62869272433
"416",2022-09-22 15:00:00,1009.80268143858
"417",2022-09-22 16:00:00,1009.39974551334
"418",2022-09-22 17:00:00,1008.50212990302
"419",2022-09-22 18:00:00,1007.99817259499
"420",2022-09-22 19:00:00,1007.40388911345
"421",2022-09-22 20:00:00,1007.26635024246
"422",2022-09-22 21:00:00,1007.43064909728
"423",2022-09-22 22:00:00,1007.75685336746
"424",2022-09-22 23:00:00,1008.46971902452
"425",2022-09-23 00:00:00,1009.31209660469
"426",2022-09-23 01:00:00,1010.22717219828
"427",2022-09-23 02:00:00,1010.27761409324
"428",2022-09-23 03:00:00,1010.34562831358
"429",2022-09-23 04:00:00,1010.18566744813
"430",2022-09-23 05:00:00,1009.51804795259
"431",2022-09-23 06:00:00,1008.70875373215
"432",2022-09-23 07:00:00,1007.82386912716
"433",2022-09-23 08:00:00,1007.16268574508
"434",2022-09-23 09:00:00,1007.09019445043
"435",2022-09-23 10:00:00,1006.99690291027
"436",2022-09-23 11:00:00,1007.36351438578
"437",2022-09-23 12:00:00,1008.06266618162
"438",2022-09-23 13:00:00,1008.93705024246
"439",2022-09-23 14:00:00,1009.36896262463
"440",2022-09-23 15:00:00,1009.42027847522
"441",2022-09-23 16:00:00,1009.42116833738
"442",2022-09-23 17:00:00,1008.90436546336
"443",2022-09-23 18:00:00,1008.13469606575
"444",2022-09-23 19:00:00,1007.48608369712
"445",2022-09-23 20:00:00,1007.256003125
"446",2022-09-23 21:00:00,1007.37508458636
"447",2022-09-23 22:00:00,1007.52108071121
"448",2022-09-23 23:00:00,1007.84003807599
"449",2022-09-24 00:00:00,1008.76578550256
"450",2022-09-24 01:00:00,1009.56470845905
"451",2022-09-24 02:00:00,1010.05951891673
"452",2022-09-24 03:00:00,1010.26108173491
"453",2022-09-24 04:00:00,1009.5454655349
"454",2022-09-24 05:00:00,1008.83936729526
"455",2022-09-24 06:00:00,1007.98203918081
"456",2022-09-24 07:00:00,1007.01682088386
"457",2022-09-24 08:00:00,1006.47147168642
"458",2022-09-24 09:00:00,1006.67840420372
"459",2022-09-24 10:00:00,1006.63124410022
"460",2022-09-24 11:00:00,1007.19562630019
"461",2022-09-24 12:00:00,1007.73825425647
"462",2022-09-24 13:00:00,1008.25790021558
"463",2022-09-24 14:00:00,1008.81461904634
"464",2022-09-24 15:00:00,1009.14961336567
"465",2022-09-24 16:00:00,1009.44336545406
"466",2022-09-24 17:00:00,1009.43712578125
"467",2022-09-24 18:00:00,1008.84812991108
"468",2022-09-24 19:00:00,1008.02496580437
"469",2022-09-24 20:00:00,1007.82583197737
"470",2022-09-24 21:00:00,1007.98606688224
"471",2022-09-24 22:00:00,1007.43146971167
"472",2022-09-24 23:00:00,1008.09283949353
"473",2022-09-25 00:00:00,1009.53061824306
"474",2022-09-25 01:00:00,1010.81571514417
"475",2022-09-25 02:00:00,1011.41481462823
"476",2022-09-25 03:00:00,1011.49266715171
"477",2022-09-25 04:00:00,1010.97027219828
"478",2022-09-25 05:00:00,1010.41898870924
"479",2022-09-25 06:00:00,1009.77947305309
"480",2022-09-25 07:00:00,1008.63374393858
"481",2022-09-25 08:00:00,1008.00772947992
"482",2022-09-25 09:00:00,1007.68235816272
"483",2022-09-25 10:00:00,1007.6635763945
"484",2022-09-25 11:00:00,1008.49630075431
"485",2022-09-25 12:00:00,1008.95734796551
"486",2022-09-25 13:00:00,1010.0295998653
"487",2022-09-25 14:00:00,1010.72345335489
"488",2022-09-25 15:00:00,1010.96769975748
"489",2022-09-25 16:00:00,1010.54164094828
"490",2022-09-25 17:00:00,1009.91732115333
"491",2022-09-25 18:00:00,1009.32905581897
"492",2022-09-25 19:00:00,1008.69132983023
"493",2022-09-25 20:00:00,1008.71118927513
"494",2022-09-25 21:00:00,1008.83452101859
"495",2022-09-25 22:00:00,1009.34401737608
"496",2022-09-25 23:00:00,1009.69614074373
"497",2022-09-26 00:00:00,1010.22978914332
"498",2022-09-26 01:00:00,1010.77059210455
"499",2022-09-26 02:00:00,1011.14596920797
"500",2022-09-26 03:00:00,1011.18521579089
"501",2022-09-26 04:00:00,1010.6088929938
"502",2022-09-26 05:00:00,1009.82195269397
"503",2022-09-26 06:00:00,1008.85580140124
"504",2022-09-26 07:00:00,1007.93046014551
"505",2022-09-26 08:00:00,1006.97389768319
"506",2022-09-26 09:00:00,1006.72084858529
"507",2022-09-26 10:00:00,1006.77304679418
"508",2022-09-26 11:00:00,1006.67445251954
"509",2022-09-26 12:00:00,1007.12981503638
"510",2022-09-26 13:00:00,1007.68212610453
"511",2022-09-26 14:00:00,1008.38927609809
"512",2022-09-26 15:00:00,1008.80555479526
"513",2022-09-26 16:00:00,1008.46431670709
"514",2022-09-26 17:00:00,1008.04679892212
"515",2022-09-26 18:00:00,1007.11756963901
"516",2022-09-26 19:00:00,1006.41432409054
"517",2022-09-26 20:00:00,1006.11970202102
"518",2022-09-26 21:00:00,1005.89643992457
"519",2022-09-26 22:00:00,1005.90109646995
"520",2022-09-26 23:00:00,1006.45139846444
"521",2022-09-27 00:00:00,1006.57145173808
"522",2022-09-27 01:00:00,1007.07166717866
"523",2022-09-27 02:00:00,1006.87467588901
"524",2022-09-27 03:00:00,1006.30236262463
"525",2022-09-27 04:00:00,1005.63923238147
"526",2022-09-27 05:00:00,1004.48755540286
"527",2022-09-27 06:00:00,1003.69054571659
"528",2022-09-27 07:00:00,1001.90812856373
"529",2022-09-27 08:00:00,1001.65147577472
"530",2022-09-27 09:00:00,1002.05612844828
"531",2022-09-27 10:00:00,1001.5892925896
"532",2022-09-27 11:00:00,1001.38864836971
"533",2022-09-27 12:00:00,1001.00779038254
"534",2022-09-27 13:00:00,1000.50237413096
"535",2022-09-27 14:00:00,999.517478065212
"536",2022-09-27 15:00:00,998.619022764009
"537",2022-09-27 16:00:00,998.155517839871
"538",2022-09-27 17:00:00,997.356161482313
"539",2022-09-27 18:00:00,995.647274003233
"540",2022-09-27 19:00:00,994.846570331447
"541",2022-09-27 20:00:00,994.020714793856
"542",2022-09-27 21:00:00,993.36643984375
"543",2022-09-27 22:00:00,993.374230692536
"544",2022-09-27 23:00:00,993.554912799784
"545",2022-09-28 00:00:00,993.875533459052
"546",2022-09-28 01:00:00,994.602866828348
"547",2022-09-28 02:00:00,995.332403880356
"548",2022-09-28 03:00:00,995.474877526273
"549",2022-09-28 04:00:00,995.753529148707
"550",2022-09-28 05:00:00,995.520098841283
"551",2022-09-28 06:00:00,995.088871517111
"552",2022-09-28 07:00:00,994.954898679957
"553",2022-09-28 08:00:00,994.98119633522
"554",2022-09-28 09:00:00,995.227594125573
"555",2022-09-28 10:00:00,995.969709132543
"556",2022-09-28 11:00:00,996.758336647804
"557",2022-09-28 12:00:00,997.757052855603
"558",2022-09-28 13:00:00,998.880130881164
"559",2022-09-28 14:00:00,999.657566882242
"560",2022-09-28 15:00:00,1000.39236769935
"561",2022-09-28 16:00:00,1000.59049420641
"562",2022-09-28 17:00:00,1000.49086181622
"563",2022-09-28 18:00:00,1000.27508178879
"564",2022-09-28 19:00:00,999.781900781461
"565",2022-09-28 20:00:00,999.744815305848
"566",2022-09-28 21:00:00,1000.45677451509
"567",2022-09-28 22:00:00,1001.30219665858
"568",2022-09-28 23:00:00,1001.95420123956
"569",2022-09-29 00:00:00,1002.61455191272
"570",2022-09-29 01:00:00,1003.29425553759
"571",2022-09-29 02:00:00,1003.80065710051
"572",2022-09-29 03:00:00,1003.844221875
"573",2022-09-29 04:00:00,1003.5163904069
"574",2022-09-29 05:00:00,1002.9870170528
"575",2022-09-29 06:00:00,1002.59897946645
"576",2022-09-29 07:00:00,1002.04613834546
"577",2022-09-29 08:00:00,1001.65360778766
"578",2022-09-29 09:00:00,1001.94927963362
"579",2022-09-29 10:00:00,1002.47586960388
"580",2022-09-29 11:00:00,1003.37406079224
"581",2022-09-29 12:00:00,1003.85516998922
"582",2022-09-29 13:00:00,1004.76968849367
"583",2022-09-29 14:00:00,1005.9125315194
"584",2022-09-29 15:00:00,1006.25065685799
"585",2022-09-29 16:00:00,1006.25574028564
"586",2022-09-29 17:00:00,1006.05845759698
"587",2022-09-29 18:00:00,1005.45694901644
"588",2022-09-29 19:00:00,1005.02413168957
"589",2022-09-29 20:00:00,1004.74547039332
"590",2022-09-29 21:00:00,1005.02897216384
"591",2022-09-29 22:00:00,1005.67705534896
"592",2022-09-29 23:00:00,1006.33259706358
"593",2022-09-30 00:00:00,1007.03177758017
"594",2022-09-30 01:00:00,1007.70773004581
"595",2022-09-30 02:00:00,1008.20238959849
"596",2022-09-30 03:00:00,1008.23075827047
"597",2022-09-30 04:00:00,1007.65479593102
"598",2022-09-30 05:00:00,1007.00605172414
"599",2022-09-30 06:00:00,1006.22732551873
"600",2022-09-30 07:00:00,1005.60179280517
"601",2022-09-30 08:00:00,1005.55891465517
"602",2022-09-30 09:00:00,1005.83484618701
"603",2022-09-30 10:00:00,1006.09143193209
"604",2022-09-30 11:00:00,1006.86942960668
"605",2022-09-30 12:00:00,1007.98332061439
"606",2022-09-30 13:00:00,1008.88590897332
"607",2022-09-30 14:00:00,1009.40845264009
"608",2022-09-30 15:00:00,1009.55252527621
"609",2022-09-30 16:00:00,1009.30205099677
"610",2022-09-30 17:00:00,1009.09366146591
"611",2022-09-30 18:00:00,1008.28754349232
"612",2022-09-30 19:00:00,1007.26965101051
"613",2022-09-30 20:00:00,1006.84439498787
"614",2022-09-30 21:00:00,1007.34246430496
"615",2022-09-30 22:00:00,1008.17605071409
"616",2022-09-30 23:00:00,1008.94376949609
"617",2022-10-01 00:00:00,1009.37365083513
"618",2022-10-01 01:00:00,1009.7628742657
"619",2022-10-01 02:00:00,1010.29455553759
"620",2022-10-01 03:00:00,1010.47190864996
"621",2022-10-01 04:00:00,1009.92015560345
"622",2022-10-01 05:00:00,1008.98965704662
"623",2022-10-01 06:00:00,1007.97279102668
"624",2022-10-01 07:00:00,1007.22003158178
"625",2022-10-01 08:00:00,1006.96567192888
"626",2022-10-01 09:00:00,1007.2507934519
"627",2022-10-01 10:00:00,1007.59698604526
"628",2022-10-01 11:00:00,1008.15492939908
"629",2022-10-01 12:00:00,1008.97422198868
"630",2022-10-01 13:00:00,1009.86913001078
"631",2022-10-01 14:00:00,1010.02744133657
"632",2022-10-01 15:00:00,1010.06427181353
"633",2022-10-01 16:00:00,1009.91394011315
"634",2022-10-01 17:00:00,1009.46254998653
"635",2022-10-01 18:00:00,1008.90710962005
"636",2022-10-01 19:00:00,1008.70684019397
"637",2022-10-01 20:00:00,1008.50619571544
"638",2022-10-01 21:00:00,1008.69421368903
"639",2022-10-01 22:00:00,1008.96664854526
"640",2022-10-01 23:00:00,1009.37289269739
"641",2022-10-02 00:00:00,1010.13583395311
"642",2022-10-02 01:00:00,1010.79928579898
"643",2022-10-02 02:00:00,1011.12656592134
"644",2022-10-02 03:00:00,1011.14519089194
"645",2022-10-02 04:00:00,1010.7046371059
"646",2022-10-02 05:00:00,1009.71008733836
"647",2022-10-02 06:00:00,1008.68270555106
"648",2022-10-02 07:00:00,1007.91146370251
"649",2022-10-02 08:00:00,1007.26183154634
"650",2022-10-02 09:00:00,1007.45808412827
"651",2022-10-02 10:00:00,1007.78883435732
"652",2022-10-02 11:00:00,1008.38507653556
"653",2022-10-02 12:00:00,1009.043049744
"654",2022-10-02 13:00:00,1009.96927987608
"655",2022-10-02 14:00:00,1010.59247968203
"656",2022-10-02 15:00:00,1010.51906316357
"657",2022-10-02 16:00:00,1010.4062200431
"658",2022-10-02 17:00:00,1010.20157518189
"659",2022-10-02 18:00:00,1009.94488364322
"660",2022-10-02 19:00:00,1009.59767583513
"661",2022-10-02 20:00:00,1009.51979859876
"662",2022-10-02 21:00:00,1009.49744168688
"663",2022-10-02 22:00:00,1009.75553200431
"664",2022-10-02 23:00:00,1010.41331142549
"665",2022-10-03 00:00:00,1011.03567483158
"666",2022-10-03 01:00:00,1011.57056208569
"667",2022-10-03 02:00:00,1012.08353766164
"668",2022-10-03 03:00:00,1011.85109358663
"669",2022-10-03 04:00:00,1011.47056081919
"670",2022-10-03 05:00:00,1010.85289730603
"671",2022-10-03 06:00:00,1010.1950205605
"672",2022-10-03 07:00:00,1009.53815251954
"673",2022-10-03 08:00:00,1008.95314768319
"674",2022-10-03 09:00:00,1009.10054268391
"675",2022-10-03 10:00:00,1009.24624004312
"676",2022-10-03 11:00:00,1010.03104263002
"677",2022-10-03 12:00:00,1010.5047414713
"678",2022-10-03 13:00:00,1011.22771646013
"679",2022-10-03 14:00:00,1012.1858895446
"680",2022-10-03 15:00:00,1012.85332852909
"681",2022-10-03 16:00:00,1012.78491821611
"682",2022-10-03 17:00:00,1012.39007103207
"683",2022-10-03 18:00:00,1011.6989595097
"684",2022-10-03 19:00:00,1010.98064163298
"685",2022-10-03 20:00:00,1011.01260080841
"686",2022-10-03 21:00:00,1011.23810746228
"687",2022-10-03 22:00:00,1011.7253475613
"688",2022-10-03 23:00:00,1013.08835146861
"689",2022-10-04 00:00:00,1013.76925452586
"690",2022-10-04 01:00:00,1014.10441296147
"691",2022-10-04 02:00:00,1014.6061431959
"692",2022-10-04 03:00:00,1014.75612764753
"693",2022-10-04 04:00:00,1014.19666958513
"694",2022-10-04 05:00:00,1013.25365855565
"695",2022-10-04 06:00:00,1012.68839835668
"696",2022-10-04 07:00:00,1011.86094793856
"697",2022-10-04 08:00:00,1011.41866049582
"698",2022-10-04 09:00:00,1011.24199725216
"699",2022-10-04 10:00:00,1011.56586998114
"700",2022-10-04 11:00:00,1012.16052365939
"701",2022-10-04 12:00:00,1012.56393445582
"702",2022-10-04 13:00:00,1012.85523225546
"703",2022-10-04 14:00:00,1013.41535529507
"704",2022-10-04 15:00:00,1013.56048626078
"705",2022-10-04 16:00:00,1013.09438738884
"706",2022-10-04 17:00:00,1012.74981304231
"707",2022-10-04 18:00:00,1012.27710285637
"708",2022-10-04 19:00:00,1011.96149407328
"709",2022-10-04 20:00:00,1011.72140428456
"710",2022-10-04 21:00:00,1012.04426577742
"711",2022-10-04 22:00:00,1012.49609202586
"712",2022-10-04 23:00:00,1012.65110439235
"713",2022-10-05 00:00:00,1013.21266467259
"714",2022-10-05 01:00:00,1013.96425971436
"715",2022-10-05 02:00:00,1014.34161411638
"716",2022-10-05 03:00:00,1014.25867917004
"717",2022-10-05 04:00:00,1013.67493344112
"718",2022-10-05 05:00:00,1012.92293806573
"719",2022-10-05 06:00:00,1011.8191820803
"720",2022-10-05 07:00:00,1010.65991942349
"721",2022-10-05 08:00:00,1010.50189717057
"722",2022-10-05 09:00:00,1010.41554023174
"723",2022-10-05 10:00:00,1010.75950732759
"724",2022-10-05 11:00:00,1011.30071406629
"725",2022-10-05 12:00:00,1012.15318307734
"726",2022-10-05 13:00:00,1012.8375069523
"727",2022-10-05 14:00:00,1013.4720669181
"728",2022-10-05 15:00:00,1013.47230770682
"729",2022-10-05 16:00:00,1013.32116206897
"730",2022-10-05 17:00:00,1013.02007609809
"731",2022-10-05 18:00:00,1012.17057140932
"732",2022-10-05 19:00:00,1011.99536567888
"733",2022-10-05 20:00:00,1011.66478628402
"734",2022-10-05 21:00:00,1011.46661382377
"735",2022-10-05 22:00:00,1011.82787855603
"736",2022-10-05 23:00:00,1012.45462983023
"737",2022-10-06 00:00:00,1013.50502497979
"738",2022-10-06 01:00:00,1014.32526395474
"739",2022-10-06 02:00:00,1014.68664680679
"740",2022-10-06 03:00:00,1014.90517699353
"741",2022-10-06 04:00:00,1014.34308186473
"742",2022-10-06 05:00:00,1013.07509116141
"743",2022-10-06 06:00:00,1011.7357875
"744",2022-10-06 07:00:00,1011.03038275397
"745",2022-10-06 08:00:00,1010.4159122339
"746",2022-10-06 09:00:00,1010.12615534896
"747",2022-10-06 10:00:00,1010.44261104526
"748",2022-10-06 11:00:00,1010.97015300458
"749",2022-10-06 12:00:00,1011.85011606036
"750",2022-10-06 13:00:00,1012.79410037726
"751",2022-10-06 14:00:00,1013.79401910536
"752",2022-10-06 15:00:00,1014.25434566272
"753",2022-10-06 16:00:00,1014.14076426839
"754",2022-10-06 17:00:00,1013.56557023168
"755",2022-10-06 18:00:00,1013.03502074912
"756",2022-10-06 19:00:00,1012.70672697386
"757",2022-10-06 20:00:00,1012.60832710129
"758",2022-10-06 21:00:00,1012.26540226354
"759",2022-10-06 22:00:00,1012.24066693614
"760",2022-10-06 23:00:00,1012.54596759159
"761",2022-10-07 00:00:00,1013.34806610078
"762",2022-10-07 01:00:00,1014.18851438965
"763",2022-10-07 02:00:00,1014.35690121261
"764",2022-10-07 03:00:00,1014.23077246767
"765",2022-10-07 04:00:00,1013.65785995688
"766",2022-10-07 05:00:00,1012.50429210455
"767",2022-10-07 06:00:00,1011.72015740841
"768",2022-10-07 07:00:00,1011.05365044462
"769",2022-10-07 08:00:00,1010.3832484775
"770",2022-10-07 09:00:00,1010.17441681487
"771",2022-10-07 10:00:00,1010.48853286638
"772",2022-10-07 11:00:00,1011.04940326058
"773",2022-10-07 12:00:00,1011.76315311237
"774",2022-10-07 13:00:00,1012.59820549717
"775",2022-10-07 14:00:00,1012.99882602371
"776",2022-10-07 15:00:00,1013.05068852061
"777",2022-10-07 16:00:00,1013.13636499596
"778",2022-10-07 17:00:00,1012.84965693883
"779",2022-10-07 18:00:00,1012.45367502694
"780",2022-10-07 19:00:00,1011.91227251415
"781",2022-10-07 20:00:00,1011.66309967664
"782",2022-10-07 21:00:00,1012.06660080819
"783",2022-10-07 22:00:00,1012.32609811372
"784",2022-10-07 23:00:00,1012.89195373215
"785",2022-10-08 00:00:00,1013.52464521692
"786",2022-10-08 01:00:00,1013.90707434654
"787",2022-10-08 02:00:00,1014.44386216653
"788",2022-10-08 03:00:00,1014.26886995419
"789",2022-10-08 04:00:00,1013.96181161099
"790",2022-10-08 05:00:00,1013.10769873349
"791",2022-10-08 06:00:00,1011.97991843169
"792",2022-10-08 07:00:00,1011.08684849138
"793",2022-10-08 08:00:00,1010.54106014551
"794",2022-10-08 09:00:00,1010.53608633791
"795",2022-10-08 10:00:00,1010.64797553879
"796",2022-10-08 11:00:00,1011.32558105632
"797",2022-10-08 12:00:00,1012.25686941525
"798",2022-10-08 13:00:00,1013.08590218211
"799",2022-10-08 14:00:00,1013.67560711399
"800",2022-10-08 15:00:00,1013.89066769065
"801",2022-10-08 16:00:00,1013.55105959052
"802",2022-10-08 17:00:00,1013.09140118566
"803",2022-10-08 18:00:00,1012.43687270278
"804",2022-10-08 19:00:00,1012.34203729453
"805",2022-10-08 20:00:00,1012.08816591215
"806",2022-10-08 21:00:00,1011.74622271013
"807",2022-10-08 22:00:00,1012.15378501752
"808",2022-10-08 23:00:00,1013.02605650768
"809",2022-10-09 00:00:00,1013.98315378604
"810",2022-10-09 01:00:00,1014.67756952304
"811",2022-10-09 02:00:00,1015.07532580819
"812",2022-10-09 03:00:00,1015.09676661277
"813",2022-10-09 04:00:00,1014.54151104823
"814",2022-10-09 05:00:00,1013.97744936675
"815",2022-10-09 06:00:00,1013.15001988147
"816",2022-10-09 07:00:00,1012.3557226893
"817",2022-10-09 08:00:00,1012.42654346537
"818",2022-10-09 09:00:00,1012.82719132309
"819",2022-10-09 10:00:00,1013.31695063325
"820",2022-10-09 11:00:00,1013.54808014012
"821",2022-10-09 12:00:00,1014.28154490841
"822",2022-10-09 13:00:00,1015.44361899757
"823",2022-10-09 14:00:00,1015.85301530585
"824",2022-10-09 15:00:00,1016.06162290488
"825",2022-10-09 16:00:00,1016.28516138507
"826",2022-10-09 17:00:00,1015.71287198276
"827",2022-10-09 18:00:00,1014.94344017785
"828",2022-10-09 19:00:00,1014.22616364861
"829",2022-10-09 20:00:00,1013.99306499596
"830",2022-10-09 21:00:00,1013.99896537321
"831",2022-10-09 22:00:00,1014.60816875
"832",2022-10-09 23:00:00,1015.3310877661
"833",2022-10-10 00:00:00,1015.83260652115
"834",2022-10-10 01:00:00,1016.31078135274
"835",2022-10-10 02:00:00,1017.10533123147
"836",2022-10-10 03:00:00,1017.3907292374
"837",2022-10-10 04:00:00,1016.66168620318
"838",2022-10-10 05:00:00,1015.61102942603
"839",2022-10-10 06:00:00,1014.9064611695
"840",2022-10-10 07:00:00,1014.26173812988
"841",2022-10-10 08:00:00,1014.13788868534
"842",2022-10-10 09:00:00,1014.09142403665
"843",2022-10-10 10:00:00,1014.24749426031
"844",2022-10-10 11:00:00,1014.86149393694
"845",2022-10-10 12:00:00,1015.55767310698
"846",2022-10-10 13:00:00,1016.30127539747
"847",2022-10-10 14:00:00,1016.65559485314
"848",2022-10-10 15:00:00,1016.58926942349
"849",2022-10-10 16:00:00,1016.2712340609
"850",2022-10-10 17:00:00,1015.54342713554
"851",2022-10-10 18:00:00,1015.03883791431
"852",2022-10-10 19:00:00,1014.40883193209
"853",2022-10-10 20:00:00,1013.9887026408
"854",2022-10-10 21:00:00,1013.99402303961
"855",2022-10-10 22:00:00,1014.26713443816
"856",2022-10-10 23:00:00,1014.84661983293
"857",2022-10-11 00:00:00,1015.39737763406
"858",2022-10-11 01:00:00,1016.11780511853
"859",2022-10-11 02:00:00,1016.54266063056
"860",2022-10-11 03:00:00,1016.48486545406
"861",2022-10-11 04:00:00,1016.0559886823
"862",2022-10-11 05:00:00,1015.38198008623
"863",2022-10-11 06:00:00,1014.89864251078
"864",2022-10-11 07:00:00,1014.01650633252
"865",2022-10-11 08:00:00,1013.59558970628
"866",2022-10-11 09:00:00,1013.79569164646
"867",2022-10-11 10:00:00,1013.98481821611
"868",2022-10-11 11:00:00,1014.11114338453
"869",2022-10-11 12:00:00,1014.53649148707
"870",2022-10-11 13:00:00,1015.27798040959
"871",2022-10-11 14:00:00,1015.91041409324
"872",2022-10-11 15:00:00,1015.96519102668
"873",2022-10-11 16:00:00,1015.68473346807
"874",2022-10-11 17:00:00,1015.54931576395
"875",2022-10-11 18:00:00,1014.99728499057
"876",2022-10-11 19:00:00,1014.37805796281
"877",2022-10-11 20:00:00,1013.8739311153
"878",2022-10-11 21:00:00,1013.57635685799
"879",2022-10-11 22:00:00,1013.59696200485
"880",2022-10-11 23:00:00,1013.97284946121
"881",2022-10-12 00:00:00,1014.62687264151
"882",2022-10-12 01:00:00,1015.35280673673
"883",2022-10-12 02:00:00,1015.69826467259
"884",2022-10-12 03:00:00,1015.8162515625
"885",2022-10-12 04:00:00,1015.51384826192
"886",2022-10-12 05:00:00,1014.76256046888
"887",2022-10-12 06:00:00,1014.01488841283
"888",2022-10-12 07:00:00,1013.41097768795
"889",2022-10-12 08:00:00,1012.99953387227
"890",2022-10-12 09:00:00,1013.29497462284
"891",2022-10-12 10:00:00,1013.32643648612
"892",2022-10-12 11:00:00,1013.50184386958
"893",2022-10-12 12:00:00,1013.83188959849
"894",2022-10-12 13:00:00,1014.24311985453
"895",2022-10-12 14:00:00,1014.48507299919
"896",2022-10-12 15:00:00,1014.6069894907
"897",2022-10-12 16:00:00,1014.41902012935
"898",2022-10-12 17:00:00,1013.98531519397
"899",2022-10-12 18:00:00,1013.43355990299
"900",2022-10-12 19:00:00,1012.70489886823
"901",2022-10-12 20:00:00,1012.39557811911
"902",2022-10-12 21:00:00,1012.30730940447
"903",2022-10-12 22:00:00,1012.38902575431
"904",2022-10-12 23:00:00,1012.98242476421
"905",2022-10-13 00:00:00,1013.35964602533
"906",2022-10-13 01:00:00,1014.05651552142
"907",2022-10-13 02:00:00,1014.41971048235
"908",2022-10-13 03:00:00,1014.377765625
"909",2022-10-13 04:00:00,1014.07683503099
"910",2022-10-13 05:00:00,1013.36683050391
"911",2022-10-13 06:00:00,1012.39149458367
"912",2022-10-13 07:00:00,1011.76948415521
"913",2022-10-13 08:00:00,1010.82476478987
"914",2022-10-13 09:00:00,1010.03883403395
"915",2022-10-13 10:00:00,1010.22804214497
"916",2022-10-13 11:00:00,1010.38559337106
"917",2022-10-13 12:00:00,1010.93863125842
"918",2022-10-13 13:00:00,1011.54931398545
"919",2022-10-13 14:00:00,1011.50606205874
"920",2022-10-13 15:00:00,1011.31325842091
"921",2022-10-13 16:00:00,1011.40379560765
"922",2022-10-13 17:00:00,1011.13114157909
"923",2022-10-13 18:00:00,1010.53970212881
"924",2022-10-13 19:00:00,1009.85797147091
"925",2022-10-13 20:00:00,1009.34287706818
"926",2022-10-13 21:00:00,1008.95553718674
"927",2022-10-13 22:00:00,1009.09469191593
"928",2022-10-13 23:00:00,1009.56433004581
"929",2022-10-14 00:00:00,1010.42642446121
"930",2022-10-14 01:00:00,1011.07814909728
"931",2022-10-14 02:00:00,1011.28242150364
"932",2022-10-14 03:00:00,1011.20867642145
"933",2022-10-14 04:00:00,1010.38887227909
"934",2022-10-14 05:00:00,1009.32824923201
"935",2022-10-14 06:00:00,1008.03979582323
"936",2022-10-14 07:00:00,1006.78964447737
"937",2022-10-14 08:00:00,1006.13844766909
"938",2022-10-14 09:00:00,1005.8516170574
"939",2022-10-14 10:00:00,1005.29708905955
"940",2022-10-14 11:00:00,1005.6308021827
"941",2022-10-14 12:00:00,1005.68885358297
"942",2022-10-14 13:00:00,1005.4729292374
"943",2022-10-14 14:00:00,1005.88749442199
"944",2022-10-14 15:00:00,1005.15423352196
"945",2022-10-14 16:00:00,1004.87027871194
"946",2022-10-14 17:00:00,1004.99636245283
"947",2022-10-14 18:00:00,1004.49899676724
"948",2022-10-14 19:00:00,1003.9631200485
"949",2022-10-14 20:00:00,1003.69591371598
"950",2022-10-14 21:00:00,1003.98974413905
"951",2022-10-14 22:00:00,1004.19552853678
"952",2022-10-14 23:00:00,1005.49936200485
"953",2022-10-15 00:00:00,1006.5563126381
"954",2022-10-15 01:00:00,1007.46656011857
"955",2022-10-15 02:00:00,1008.27665472918
"956",2022-10-15 03:00:00,1008.45472236594
"957",2022-10-15 04:00:00,1008.08976060361
"958",2022-10-15 05:00:00,1007.75644575586
"959",2022-10-15 06:00:00,1007.38258755053
"960",2022-10-15 07:00:00,1006.8013161951
"961",2022-10-15 08:00:00,1006.61141158717
"962",2022-10-15 09:00:00,1007.19034904338
"963",2022-10-15 10:00:00,1007.69038806252
"964",2022-10-15 11:00:00,1008.16995249259
"965",2022-10-15 12:00:00,1009.0088358028
"966",2022-10-15 13:00:00,1009.50424672595
"967",2022-10-15 14:00:00,1009.95456704392
"968",2022-10-15 15:00:00,1009.76803683643
"969",2022-10-15 16:00:00,1009.42120956615
"970",2022-10-15 17:00:00,1009.31237348424
"971",2022-10-15 18:00:00,1009.1398104554
"972",2022-10-15 19:00:00,1008.92782074353
"973",2022-10-15 20:00:00,1008.77361398545
"974",2022-10-15 21:00:00,1008.85872805174
"975",2022-10-15 22:00:00,1009.65096831043
"976",2022-10-15 23:00:00,1010.71095247845
"977",2022-10-16 00:00:00,1011.9792799515
"978",2022-10-16 01:00:00,1013.18896901105
"979",2022-10-16 02:00:00,1014.21071490164
"980",2022-10-16 03:00:00,1014.33151096739
"981",2022-10-16 04:00:00,1013.69434432767
"982",2022-10-16 05:00:00,1012.97949410022
"983",2022-10-16 06:00:00,1012.13811476691
"984",2022-10-16 07:00:00,1011.38225568733
"985",2022-10-16 08:00:00,1010.80936973861
"986",2022-10-16 09:00:00,1010.92911338901
"987",2022-10-16 10:00:00,1011.44251126381
"988",2022-10-16 11:00:00,1012.13925397467
"989",2022-10-16 12:00:00,1013.09680059283
"990",2022-10-16 13:00:00,1013.89049353274
"991",2022-10-16 14:00:00,1014.24518404743
"992",2022-10-16 15:00:00,1014.15130048504
"993",2022-10-16 16:00:00,1014.17541468607
"994",2022-10-16 17:00:00,1013.72327672414
"995",2022-10-16 18:00:00,1013.14306537321
"996",2022-10-16 19:00:00,1012.927753301
"997",2022-10-16 20:00:00,1012.72614066289
"998",2022-10-16 21:00:00,1012.78617229857
"999",2022-10-16 22:00:00,1013.12461174569
"1000",2022-10-16 23:00:00,1013.45080948531
"1001",2022-10-17 00:00:00,1014.06520584748
"1002",2022-10-17 01:00:00,1014.5726584748
"1003",2022-10-17 02:00:00,1014.59860460792
"1004",2022-10-17 03:00:00,1014.24911322737
"1005",2022-10-17 04:00:00,1013.48291711129
"1006",2022-10-17 05:00:00,1012.64420404204
"1007",2022-10-17 06:00:00,1011.5587227432
"1008",2022-10-17 07:00:00,1010.71767272972
"1009",2022-10-17 08:00:00,1010.17654963622
"1010",2022-10-17 09:00:00,1010.25305589978
"1011",2022-10-17 10:00:00,1010.67476699003
"1012",2022-10-17 11:00:00,1011.17114861223
"1013",2022-10-17 12:00:00,1011.67193123147
"1014",2022-10-17 13:00:00,1012.6124672056
"1015",2022-10-17 14:00:00,1013.1213640625
"1016",2022-10-17 15:00:00,1013.22948935597
"1017",2022-10-17 16:00:00,1013.03961754244
"1018",2022-10-17 17:00:00,1012.74897087039
"1019",2022-10-17 18:00:00,1012.21708129884
"1020",2022-10-17 19:00:00,1011.86013220156
"1021",2022-10-17 20:00:00,1011.61024753436
"1022",2022-10-17 21:00:00,1011.58905033684
"1023",2022-10-17 22:00:00,1011.81736352371
"1024",2022-10-17 23:00:00,1012.20680388036
"1025",2022-10-18 00:00:00,1012.83145583401
"1026",2022-10-18 01:00:00,1013.39055887901
"1027",2022-10-18 02:00:00,1013.55833996227
"1028",2022-10-18 03:00:00,1013.32380783944
"1029",2022-10-18 04:00:00,1012.74322352466
"1030",2022-10-18 05:00:00,1012.01854122878
"1031",2022-10-18 06:00:00,1011.43710875775
"1032",2022-10-18 07:00:00,1011.15677803826
"1033",2022-10-18 08:00:00,1010.90807893319
"1034",2022-10-18 09:00:00,1010.84560495823
"1035",2022-10-18 10:00:00,1011.13443395311
"1036",2022-10-18 11:00:00,1011.49807604419
"1037",2022-10-18 12:00:00,1011.96265394772
"1038",2022-10-18 13:00:00,1012.66709493398
"1039",2022-10-18 14:00:00,1013.00291859337
"1040",2022-10-18 15:00:00,1013.06995662716
"1041",2022-10-18 16:00:00,1013.07072993802
"1042",2022-10-18 17:00:00,1013.18144659122
"1043",2022-10-18 18:00:00,1012.48860854217
"1044",2022-10-18 19:00:00,1012.14071971983
"1045",2022-10-18 20:00:00,1011.6536672595
"1046",2022-10-18 21:00:00,1011.7783183239
"1047",2022-10-18 22:00:00,1011.77607580167
"1048",2022-10-18 23:00:00,1012.06345063325
"1049",2022-10-19 00:00:00,1012.62266321746
"1050",2022-10-19 01:00:00,1013.00253939639
"1051",2022-10-19 02:00:00,1013.52230819186
"1052",2022-10-19 03:00:00,1013.5137052277
"1053",2022-10-19 04:00:00,1012.72432206952
"1054",2022-10-19 05:00:00,1011.95408164915
"1055",2022-10-19 06:00:00,1011.59858280787
"1056",2022-10-19 07:00:00,1011.05421517111
"1057",2022-10-19 08:00:00,1010.88955348963
"1058",2022-10-19 09:00:00,1011.21833841595
"1059",2022-10-19 10:00:00,1011.61898361186
"1060",2022-10-19 11:00:00,1011.78897496632
"1061",2022-10-19 12:00:00,1012.54950029642
"1062",2022-10-19 13:00:00,1013.5851755322
"1063",2022-10-19 14:00:00,1014.07990035022
"1064",2022-10-19 15:00:00,1014.28154578281
"1065",2022-10-19 16:00:00,1013.96947219078
"1066",2022-10-19 17:00:00,1013.49759722447
"1067",2022-10-19 18:00:00,1012.76061018593
"1068",2022-10-19 19:00:00,1012.26447755927
"1069",2022-10-19 20:00:00,1012.038256346
"1070",2022-10-19 21:00:00,1012.10849105362
"1071",2022-10-19 22:00:00,1012.42912983023
"1072",2022-10-19 23:00:00,1013.07534772299
"1073",2022-10-20 00:00:00,1013.99523053085
"1074",2022-10-20 01:00:00,1014.65423220156
"1075",2022-10-20 02:00:00,1015.32543053085
"1076",2022-10-20 03:00:00,1015.1704637931
"1077",2022-10-20 04:00:00,1014.44617952034
"1078",2022-10-20 05:00:00,1013.64171096739
"1079",2022-10-20 06:00:00,1012.99821455133
"1080",2022-10-20 07:00:00,1012.65315247845
"1081",2022-10-20 08:00:00,1012.4952052816
"1082",2022-10-20 09:00:00,1012.55889973053
"1083",2022-10-20 10:00:00,1013.06603384532
"1084",2022-10-20 11:00:00,1013.57936521153
"1085",2022-10-20 12:00:00,1014.46376895715
"1086",2022-10-20 13:00:00,1015.56143079203
"1087",2022-10-20 14:00:00,1016.41955540286
"1088",2022-10-20 15:00:00,1016.2624288332
"1089",2022-10-20 16:00:00,1016.02776114255
"1090",2022-10-20 17:00:00,1015.42296599299
"1091",2022-10-20 18:00:00,1015.13394532471
"1092",2022-10-20 19:00:00,1014.96528695769
"1093",2022-10-20 20:00:00,1014.64546946915
"1094",2022-10-20 21:00:00,1014.51761191054
"1095",2022-10-20 22:00:00,1014.77796813039
"1096",2022-10-20 23:00:00,1015.51048720022
"1097",2022-10-21 00:00:00,1016.0450109973
"1098",2022-10-21 01:00:00,1016.81913332435
"1099",2022-10-21 02:00:00,1017.44036919968
"1100",2022-10-21 03:00:00,1017.25782371328
"1101",2022-10-21 04:00:00,1016.35619633621
"1102",2022-10-21 05:00:00,1015.15800075451
"1103",2022-10-21 06:00:00,1014.30492735112
"1104",2022-10-21 07:00:00,1013.44282543789
"1105",2022-10-21 08:00:00,1013.20241624899
"1106",2022-10-21 09:00:00,1013.4751779903
"1107",2022-10-21 10:00:00,1013.86780129345
"1108",2022-10-21 11:00:00,1014.07678410132
"1109",2022-10-21 12:00:00,1014.93991010509
"1110",2022-10-21 13:00:00,1015.40678383185
"1111",2022-10-21 14:00:00,1015.6749216056
"1112",2022-10-21 15:00:00,1015.72307698733
"1113",2022-10-21 16:00:00,1015.80655712746
"1114",2022-10-21 17:00:00,1015.16884952843
"1115",2022-10-21 18:00:00,1014.47003071948
"1116",2022-10-21 19:00:00,1013.84606804096
"1117",2022-10-21 20:00:00,1013.57778895474
"1118",2022-10-21 21:00:00,1013.2727995958
"1119",2022-10-21 22:00:00,1013.82945753166
"1120",2022-10-21 23:00:00,1014.53587469685
"1121",2022-10-22 00:00:00,1015.25476550795
"1122",2022-10-22 01:00:00,1015.86723454594
"1123",2022-10-22 02:00:00,1016.51525871733
"1124",2022-10-22 03:00:00,1016.89414170259
"1125",2022-10-22 04:00:00,1016.22034327674
"1126",2022-10-22 05:00:00,1015.42367410402
"1127",2022-10-22 06:00:00,1014.50722667745
"1128",2022-10-22 07:00:00,1013.78828655349
"1129",2022-10-22 08:00:00,1013.88730094289
"1130",2022-10-22 09:00:00,1013.81268620318
"1131",2022-10-22 10:00:00,1014.03896302883
"1132",2022-10-22 11:00:00,1014.31911490164
"1133",2022-10-22 12:00:00,1015.2275707087
"1134",2022-10-22 13:00:00,1016.1957983028
"1135",2022-10-22 14:00:00,1016.91374610617
"1136",2022-10-22 15:00:00,1016.65654098626
"1137",2022-10-22 16:00:00,1016.00775505255
"1138",2022-10-22 17:00:00,1015.58547046618
"1139",2022-10-22 18:00:00,1014.88568439774
"1140",2022-10-22 19:00:00,1014.67491018593
"1141",2022-10-22 20:00:00,1014.36845870151
"1142",2022-10-22 21:00:00,1014.29736127728
"1143",2022-10-22 22:00:00,1014.63365518728
"1144",2022-10-22 23:00:00,1015.42318550256
"1145",2022-10-23 00:00:00,1016.1190615737
"1146",2022-10-23 01:00:00,1016.67248666128
"1147",2022-10-23 02:00:00,1017.20491048235
"1148",2022-10-23 03:00:00,1017.0545773107
"1149",2022-10-23 04:00:00,1016.46227146322
"1150",2022-10-23 05:00:00,1015.54287442738
"1151",2022-10-23 06:00:00,1014.28399568849
"1152",2022-10-23 07:00:00,1013.22087073565
"1153",2022-10-23 08:00:00,1012.82394912423
"1154",2022-10-23 09:00:00,1012.90239162177
"1155",2022-10-23 10:00:00,1013.10975755861
"1156",2022-10-23 11:00:00,1013.63101953651
"1157",2022-10-23 12:00:00,1014.11680622474
"1158",2022-10-23 13:00:00,1014.65884225276
"1159",2022-10-23 14:00:00,1014.85380053894
"1160",2022-10-23 15:00:00,1014.87833791431
"1161",2022-10-23 16:00:00,1014.76676933441
"1162",2022-10-23 17:00:00,1014.2955035031
"1163",2022-10-23 18:00:00,1013.75448903556
"1164",2022-10-23 19:00:00,1013.0122523848
"1165",2022-10-23 20:00:00,1012.626369038
"1166",2022-10-23 21:00:00,1012.43479380221
"1167",2022-10-23 22:00:00,1012.64332395581
"1168",2022-10-23 23:00:00,1013.32899094828
"1169",2022-10-24 00:00:00,1013.81324102426
